<dependencies>
  <unityversion>7.1.0</unityversion>

  <androidPackages>
    <androidPackage spec="com.ironsource.sdk:mediationsdk:7.1.0">
      <repositories>
        <repository>https://dl.bintray.com/ironsource-mobile/android-sdk/</repository>
      </repositories>
    </androidPackage>
  </androidPackages>

  <androidPackages>
    <androidPackage spec="com.google.android.gms:play-services-ads-identifier:17.0.0">
      <repositories>
        <repository>https://maven.google.com/</repository>
      </repositories>
    </androidPackage>
  </androidPackages>

     <androidPackages>
    <androidPackage spec="com.google.android.gms:play-services-basement:17.2.1">
      <repositories>
        <repository>https://maven.google.com/</repository>
      </repositories>
    </androidPackage>
  </androidPackages>

  <iosPods>
    <iosPod name="IronSourceSDK" version="7.1.0">
      <sources>
        <source>https://github.com/CocoaPods/Specs</source>
      </sources>
    </iosPod>
  </iosPods>
</dependencies>
